{"data_structure": ["base_position", "base_orientation", "base_linear_velocity", "base_angular_velocity", "joint_angles", "joint_torques", "joint_velocities"], "trajectory": [[[-0.00043065234502221545, -0.01838484816107141, 0.17844393701180858], [0.5291778000071046, -0.015218681652954874, -0.14068282098261267], [0.0001487405096018276, -0.0004874166417237059, 0.0001187388464879563], [-0.003440233032114386, 0.0027600086614707163, -0.004464825089014497], [0.04836898059380353, 0.13016026016215992, -1.039647684402781, -0.14138085117844526, -1.0416965536219698, -0.13375595341948737, -0.2617937463751959, -0.2572944542324919], [-0.31758825508168403, -0.10650123933021256, -0.5100312634128178, 0.19017946405448138, -0.36625270367550383, 0.04207461754477374, -0.002455663530986108, -0.0022291565850842583], [0.0032264514215564546, -0.0030815684694193695, -0.004100654303803391, -0.007749880130737463, 0.00992068975503876, 0.009970404955349406, 7.47727391612307e-07, 0.003305740029907484]], [[-0.0004294505202535594, -0.0183960856858224, 0.17844413234220644], [0.5291754841121119, -0.01522403495308356, -0.1407987175165713], [0.0001355887122977494, -0.0004750164983327916, 0.00011602929054305156], [-0.0034408842766530875, 0.0026576683683664734, -0.004365606881196888], [0.04836892248226288, 0.13015989823397234, -1.0396501297076304, -0.14138029229900664, -1.0416938716435349, -0.13375461831809698, -0.2617937387598309, -0.25729430735638736], [-0.31748905202403027, -0.10650383332193002, -0.5100117887957005, 0.1901417655017381, -0.36602101907264556, 0.04219477215466741, -0.0024548247452500995, -0.0022311292337873485], [0.003176838463810658, -0.0030246173672131916, -0.004005528803381998, -0.007608286542114342, 0.009701605809152927, 0.00973995456318942, 9.032412800511429e-07, 0.0032509080321575633]]], "time": [6.149999999999986, 6.249999999999986]}