{
    "0.0": [
        -0.003936767578125,
        0.00390625,
        0.00390625,
        -0.003936767578125,
        0.00390625,
        -0.003936767578125,
        -1.0,
        -1.0
    ],
    "1.0": [
        -0.003936767578125,
        0.00390625,
        0.00390625,
        -0.003936767578125,
        0.00390625,
        -0.003936767578125,
        -1.0,
        -1.0
    ],
    "2.0": [
        0.999969482421875,
        0.00390625,
        0.00390625,
        0.999969482421875,
        0.00390625,
        0.999969482421875,
        -1.0,
        -1.0
    ],
    "3.0": [
        0.999969482421875,
        0.00390625,
        -0.129425048828125,
        0.403900146484375,
        -0.129425048828125,
        0.403900146484375,
        -1.0,
        -1.0
    ],
    "4.0": [
        0.999969482421875,
        0.00390625,
        -0.62353515625,
        0.529388427734375,
        -0.62353515625,
        0.529388427734375,
        -1.0,
        -1.0
    ],
    "5.0": [
        0.999969482421875,
        0.00390625,
        0.00390625,
        0.450958251953125,
        0.00390625,
        0.450958251953125,
        -1.0,
        -1.0
    ],
    "6.0": [
        -0.835296630859375,
        -0.4039306640625,
        0.00390625,
        0.01959228515625,
        0.00390625,
        0.01959228515625,
        -0.13726806640625,
        -0.160797119140625
    ],
    "7.0": [
        -0.207855224609375,
        -1.0,
        0.00390625,
        -0.003936767578125,
        0.00390625,
        -0.003936767578125,
        -0.23138427734375,
        -0.254913330078125
    ],
    "8.0": [
        -0.003936767578125,
        0.00390625,
        0.00390625,
        -0.003936767578125,
        0.00390625,
        -0.003936767578125,
        0.137237548828125,
        -0.04315185546875
    ],
    "9.0": [
        0.192138671875,
        0.999969482421875,
        0.00390625,
        -0.003936767578125,
        0.00390625,
        -0.003936767578125,
        0.1607666015625,
        -0.207855224609375
    ]
}